opponent,v3,Matt Wieder (AI) ,0,2025111316561653
Game,version,date,track,car,event,laptime [s],S1 [s],S2 [s],S3 [s],S4+ [s]
LMU,0.9,2025-11-13 07:05:25,Bahrain International Circuit,Toyota GR010,Practice,110.100,33.176,49.495,27.429
TrackID [int],Tracklen [m],EventID [int],EventID2 [int],Weather [txt],TeamID [int],Tyre [txt],Valid [b],Pitlap [b],Online [b],Lap [int],LapsInRace [int],Fuel at Start [kg],MaxGears [int],MaxRevs [rpm],IdleRevs [rpm},TrackTemp [C],AmbientTemp [C],Windspeed [m/s],WindDirection [ ]
3,5386.80322265625,1,121,Clear,6,Medium,VALID,false,true,16,0,0,0,0,0,41.330642900738496,29.904740957966794,0.0,0.0
FWing,RWing,OnThrottle,OffThrottle,FrontCamber,RearCamber,FrontToe,RearToe,FrontSusp,RearSusp,FrontAntiRoll,RearAntiRoll,FrontSuspH,RearSuspH,BrakePressure,BrakeBias,FLTyrePressure,FRTyrePressure,RLTyrePressure,RRTyrePressure,Ballast,FuelLoad
0.0,0.0,0.0,0.0,0.0,0.0,0.0,0.0,0.0,0.0,0.0,0.0,0.0,0.0,0.0,44.850002,0.0,0.0,0.0,0.0,0.0,0.0
sector [int],laptime [s],lapdistance [m],speed [m/s],throttle [%],brake [%],steer [%],clutch [%],gear [int],drs,revs [int],x [m],y [m],z [m],glat [G],glon [G],erslevel [kj],mguk [kj],mguh [kj]
1,5.46,410.53476,294.50525,66.06381,0.0,0.78277886,0.0,7,0,7281.0,148.33801,7.6461034,-201.99118,-0.43417075,0.19714272,0.0,0.0,0.0
1,13.32,758.29254,80.516685,39.682545,0.0,10.763209,0.0,1,0,5000.0,453.35162,9.79114,-150.23859,-1.1098881,0.5214681,0.0,0.0,0.0
1,13.42,767.82544,84.49954,47.61905,0.0,6.262231,0.0,1,0,5303.0,450.5915,9.701027,-147.15646,-0.93227196,0.8163134,0.0,0.0,0.0
1,13.62,774.8245,90.442444,47.61905,0.0,3.1311154,0.0,1,0,5657.0,445.8016,9.545667,-142.52852,-0.70077336,0.9200606,0.0,0.0,0.0
1,13.82,780.69507,97.09875,100.0,0.0,0.19569471,0.0,1,0,5941.0,441.27484,9.39584,-138.84401,-0.5697745,0.95707285,0.0,0.0,0.0
1,14.04,786.43585,106.252655,100.0,0.0,-7.0450096,0.0,1,0,6601.0,436.26328,9.275101,-134.83322,0.13618809,1.162393,0.0,0.0,0.0
1,14.24,792.51514,111.60265,47.61905,0.0,-9.001957,0.0,1,0,7118.0,431.74286,9.196787,-130.60144,0.66139287,0.8546216,0.0,0.0,0.0
1,14.44,798.87384,117.14897,100.0,0.0,-7.632094,0.0,1,0,7473.0,427.49136,9.108999,-125.77898,1.0828938,0.8488685,0.0,0.0,0.0
1,14.62,805.39886,117.982315,47.61905,0.0,-8.610567,0.0,1,0,7478.0,423.94806,9.0479555,-121.0408,1.5788857,0.66127175,0.0,0.0,0.0
1,14.84,811.7339,117.80884,100.0,0.0,-5.6751466,0.0,2,0,6459.0,420.43042,8.961231,-114.93434,1.6955135,0.6839039,0.0,0.0,0.0
1,15.04,818.11127,123.63761,52.380955,0.0,-11.154599,0.0,2,0,6719.0,417.53262,8.873765,-108.83337,1.5773968,0.60243356,0.0,0.0,0.0
1,15.24,825.1945,127.41747,52.380955,0.0,-9.784736,0.0,2,0,6942.0,415.10974,8.787355,-102.23591,1.463263,0.6924544,0.0,0.0,0.0
1,15.42,834.3916,130.36845,100.0,0.0,-10.176126,0.0,2,0,7222.0,413.53503,8.766307,-96.06714,1.5264673,0.99060494,0.0,0.0,0.0
1,15.64,843.27637,131.371,52.380955,0.0,-6.457926,0.0,2,0,7137.0,412.46353,8.867672,-88.20494,2.2528296,0.7104925,0.0,0.0,0.0
1,15.82,850.5742,136.14207,100.0,0.0,-3.3268101,0.0,2,0,7582.0,412.24063,9.000272,-81.57629,1.6863779,1.1383651,0.0,0.0,0.0
1,16.04,858.11566,140.63986,52.380955,0.0,-3.5225048,0.0,2,0,7950.0,412.49503,9.133454,-73.06176,1.1181725,0.81861866,0.0,0.0,0.0
1,16.24,865.8265,141.49448,52.380955,0.0,1.7612524,0.0,2,0,7757.0,413.34723,9.262611,-65.232925,1.5857306,0.49994943,0.0,0.0,0.0
1,16.42,873.6386,147.865,100.0,0.0,2.739726,0.0,3,0,6503.0,414.7254,9.386957,-58.195053,1.0058455,0.8386365,0.0,0.0,0.0
1,16.62,881.905,153.66383,100.0,0.0,-2.739726,0.0,3,0,6584.0,416.29333,9.557549,-49.924335,0.23713885,0.8023548,0.0,0.0,0.0
1,16.84,890.449,158.69093,100.0,0.0,-4.3052835,0.0,3,0,6818.0,418.10022,9.787988,-40.554478,0.6265,0.7451322,0.0,0.0,0.0
1,17.04,899.38293,163.3236,100.0,0.0,-4.109589,0.0,3,0,7056.0,420.0566,10.01538,-31.838945,0.59441346,0.71388215,0.0,0.0,0.0
1,17.24,908.6698,168.39648,100.0,0.0,-3.1311154,0.0,3,0,7272.0,422.2567,10.286235,-22.89807,0.69312006,0.7170118,0.0,0.0,0.0
1,17.44,918.1073,173.53268,100.0,0.0,1.1741683,0.0,3,0,7459.0,424.4718,10.566903,-13.668542,-0.29434454,0.7195225,0.0,0.0,0.0
1,17.64,927.8435,177.8314,100.0,0.0,5.088063,0.0,3,0,7678.0,426.36642,10.884933,-4.0923586,-0.5944739,0.64434016,0.0,0.0,0.0
1,17.84,938.0271,182.35432,100.0,0.0,5.283757,0.0,3,0,7877.0,427.8798,11.216727,5.7885723,-0.86438906,0.6773703,0.0,0.0,0.0
1,18.04,948.82965,186.82071,100.0,0.0,6.457926,0.0,3,0,8197.0,429.08347,11.565507,15.886358,-0.8033605,0.7937681,0.0,0.0,0.0
1,18.24,960.1164,186.0034,100.0,0.0,3.5225048,0.0,4,0,7049.0,429.681,11.955763,26.138601,-2.0441651,0.45910177,0.0,0.0,0.0
1,18.44,970.99585,190.79765,98.187584,0.0,4.109589,0.0,4,0,7064.0,429.8146,12.350757,36.563553,-1.0898906,0.57923365,0.0,0.0,0.0
1,18.64,981.53815,194.67258,91.222404,0.0,6.457926,0.0,4,0,7206.0,429.70895,12.743472,47.2444,-1.1385887,0.5881949,0.0,0.0,0.0
1,18.84,992.2995,198.37924,84.36052,0.0,4.5009785,0.0,4,0,7304.0,429.09283,13.141457,58.116055,-1.0908008,0.6181286,0.0,0.0,0.0
1,19.04,1003.298,201.78677,77.561775,0.0,3.7181995,0.0,4,0,7410.0,428.04202,13.524624,69.15695,-0.9015256,0.57963455,0.0,0.0,0.0
1,19.24,1014.48914,205.04643,70.90639,0.0,2.3483367,0.0,4,0,7541.0,426.78635,13.911241,80.37041,-0.61417973,0.49551466,0.0,0.0,0.0
1,19.44,1025.8757,208.3687,66.42119,0.0,1.369863,0.0,4,0,7664.0,425.43185,14.294787,91.76761,-0.3969166,0.47114632,0.0,0.0,0.0
1,19.64,1037.4558,212.2524,66.63546,0.0,1.7612524,0.0,4,0,7783.0,423.9834,14.661767,103.340515,-0.23724523,0.5320983,0.0,0.0,0.0
1,19.84,1049.239,215.27374,66.710434,0.0,1.9569471,0.0,4,0,7901.0,422.38962,15.013,115.08179,-0.35330456,0.4953385,0.0,0.0,0.0
1,20.04,1061.2239,218.21696,66.5982,0.0,1.7612524,0.0,4,0,8028.0,420.6556,15.340214,126.99638,-0.34374446,0.4493798,0.0,0.0,0.0
1,20.24,1073.3851,221.4113,65.86412,0.0,2.1526418,0.0,4,0,8137.0,418.7372,15.64695,139.04868,-0.49739203,0.47348323,0.0,0.0,0.0
1,20.44,1085.6748,223.85193,65.1684,0.0,1.369863,0.0,4,0,8234.0,416.5501,15.913514,151.209,-0.37790123,0.40490454,0.0,0.0,0.0
1,20.64,1097.9901,225.52992,95.55472,0.0,2.1526418,0.0,5,0,7211.0,414.1857,16.155613,163.35747,-0.532576,0.40163165,0.0,0.0,0.0
1,20.84,1110.5153,228.4491,88.65457,0.0,1.369863,0.0,5,0,7307.0,411.50107,16.390467,175.6713,-0.41155005,0.41347238,0.0,0.0,0.0
1,21.04,1123.2576,230.91484,81.821396,0.0,-0.78277886,0.0,5,0,7403.0,408.74478,16.61827,188.1374,0.05691276,0.36586082,0.0,0.0,0.0
1,21.24,1136.1451,233.93044,75.06359,0.0,-0.5870842,0.0,5,0,7500.0,406.15076,16.858156,200.7882,0.0790928,0.38706565,0.0,0.0,0.0
1,21.44,1149.2001,236.38052,68.397484,0.0,-0.5870842,0.0,5,0,7585.0,403.5861,17.109638,213.58994,0.10852814,0.3649343,0.0,0.0,0.0
1,21.64,1162.4006,239.24501,66.54783,0.0,-0.19569471,0.0,5,0,7663.0,401.0193,17.377256,226.54277,0.024096485,0.38497257,0.0,0.0,0.0
1,21.84,1175.7086,241.68123,66.72555,0.0,0.0,0.0,5,0,7747.0,398.40906,17.633099,239.63965,-0.020379955,0.38740608,0.0,0.0,0.0
1,22.04,1189.1346,244.0579,66.806435,0.0,-0.19569471,0.0,5,0,7835.0,395.7536,17.873755,252.86467,0.028710175,0.35491815,0.0,0.0,0.0
1,22.24,1202.672,246.1726,66.859314,0.0,-0.78277886,0.0,5,0,7914.0,393.1143,18.113554,266.22272,0.17193434,0.2974192,0.0,0.0,0.0
1,22.44,1216.396,248.39546,66.837654,0.0,-0.39138943,0.0,5,0,7980.0,390.55847,18.35896,279.73303,0.12562402,0.29090506,0.0,0.0,0.0
1,22.64,1230.2681,250.85934,66.5389,0.0,-0.5870842,0.0,5,0,8060.0,388.02383,18.628645,293.37033,0.12997487,0.31945944,0.0,0.0,0.0
1,22.84,1244.2362,252.34442,66.104935,0.0,-0.5870842,0.0,5,0,8125.0,385.50162,18.894733,307.1217,0.09196503,0.23909456,0.0,0.0,0.0
1,23.04,1258.2972,254.54657,65.79415,0.0,-1.1741683,0.0,5,0,8170.0,383.04562,19.168621,320.99548,0.2820729,0.24871497,0.0,0.0,0.0
1,23.24,1272.4734,256.25537,65.28197,0.0,-0.97847354,0.0,5,0,8241.0,380.74258,19.449614,335.0015,0.33281747,0.2277849,0.0,0.0,0.0
1,23.42,1286.7422,258.0234,64.91158,0.0,-0.97847354,0.0,5,0,8283.0,378.77185,19.704235,347.70786,0.29230338,0.2524792,0.0,0.0,0.0
1,23.64,1301.0941,256.9727,0.0,0.0,0.19569471,0.0,6,0,7890.0,376.43338,20.013187,363.30115,0.07677882,-0.09171892,0.0,0.0,0.0
1,23.84,1315.3932,260.71912,93.685425,0.0,0.19569471,0.0,6,0,7315.0,374.17953,20.297644,377.48383,-0.13564311,0.260622,0.0,0.0,0.0
1,24.04,1329.8773,262.49738,86.78249,0.0,1.1741683,0.0,6,0,7357.0,371.7601,20.580744,391.8206,-0.31860682,0.2522711,0.0,0.0,0.0
1,24.24,1344.5,264.45367,79.939674,0.0,0.19569471,0.0,6,0,7418.0,369.14404,20.863056,406.2391,-0.27786362,0.25171998,0.0,0.0,0.0
1,24.44,1359.2177,266.18036,73.11511,0.0,0.0,0.0,6,0,7466.0,366.53305,21.146036,420.7587,-0.006585983,0.26986486,0.0,0.0,0.0
1,24.64,1373.9786,259.87103,0.0,0.0,0.0,0.0,6,0,7380.0,363.97998,21.422533,435.26187,0.020662405,-0.37581718,0.0,0.0,0.0
1,24.84,1388.264,248.5682,0.0,34.920635,0.78277886,0.0,6,0,7247.0,361.44522,21.695435,449.12213,-0.35640907,-1.1455537,0.0,0.0,0.0
1,25.04,1401.6593,225.5501,0.0,96.8254,-0.5870842,0.0,5,0,7473.0,358.88782,21.942432,461.8631,-0.03332198,-2.5165164,0.0,0.0,0.0
1,25.24,1413.7482,205.75742,56.79924,100.0,0.19569471,0.0,0,0,7181.0,356.6324,22.160353,473.45706,-0.059968777,-2.7452087,0.0,0.0,0.0
1,25.44,1424.9897,188.54343,0.0,100.0,0.39138943,0.0,4,0,7217.0,354.5503,22.37602,484.2156,-0.113124356,-2.7212481,0.0,0.0,0.0
1,25.64,1435.3116,174.682,55.555557,85.714294,-0.5870842,0.0,0,0,7249.0,352.61813,22.564585,494.0589,-0.020690838,-2.221527,0.0,0.0,0.0
1,25.84,1444.871,162.09436,0.0,74.60318,-0.39138943,0.0,3,0,7559.0,350.88968,22.747734,503.25153,0.12910901,-1.9301252,0.0,0.0,0.0
1,26.04,1453.7515,151.01373,0.0,66.66667,-0.19569471,0.0,3,0,7012.0,349.30182,22.91926,511.82117,0.04047,-1.683095,0.0,0.0,0.0
1,26.24,1462.0673,140.31284,0.0,61.904762,-0.78277886,0.0,2,0,7881.0,347.79657,23.076637,519.8623,0.053709794,-1.5947917,0.0,0.0,0.0
1,26.44,1469.8391,130.4517,0.0,55.555557,0.97847354,0.0,2,0,7390.0,346.40567,23.210567,527.3321,-0.07157066,-1.4515153,0.0,0.0,0.0
1,26.64,1477.0813,120.94523,0.0,55.555557,4.3052835,0.0,2,0,6850.0,344.9487,23.34722,534.26697,-0.35238534,-1.4301894,0.0,0.0,0.0
1,26.84,1483.7837,113.148796,0.0,53.968258,9.001957,0.0,2,0,6384.0,343.16467,23.458603,540.6179,-0.9003964,-1.3199056,0.0,0.0,0.0
1,27.04,1490.04,107.533455,0.0,46.03175,18.786694,0.0,2,0,5919.0,340.96948,23.544565,546.4699,-1.4118648,-1.0795236,0.0,0.0,0.0
1,27.24,1495.8584,100.42958,0.0,41.269844,29.549902,0.0,2,0,5500.0,338.4547,23.612526,551.74866,-1.2418035,-0.9746483,0.0,0.0,0.0
1,27.44,1501.1505,94.62307,0.0,33.333336,34.44227,0.0,2,0,5163.0,335.7885,23.676407,556.4352,-1.4951614,-0.80170137,0.0,0.0,0.0
1,27.64,1505.9355,90.59012,0.0,23.809525,35.225048,0.0,2,0,4887.0,332.82678,23.705856,560.52576,-1.384922,-0.55573267,0.0,0.0,0.0
1,27.84,1510.389,88.069824,0.0,11.111112,38.551857,0.0,2,0,4704.0,329.54514,23.726967,564.1225,-1.6011283,-0.27418864,0.0,0.0,0.0
1,28.04,1514.8705,85.39857,0.0,0.0,39.334637,0.0,2,0,4608.0,325.89417,23.717731,567.10876,-1.5772057,0.01679259,0.0,0.0,0.0
1,28.24,1519.9785,83.85063,0.0,0.0,41.87867,0.0,2,0,4502.0,321.93903,23.725807,569.5262,-1.6176027,-8.0876064E-4,0.0,0.0,0.0
1,28.44,1527.7314,83.951996,0.0,0.0,38.356163,0.0,2,0,4427.0,317.63843,23.767689,571.2919,-1.9504299,0.088229544,0.0,0.0,0.0
1,28.64,1533.986,84.43269,26.984129,0.0,32.876713,0.0,2,0,4536.0,313.13876,23.80743,572.4023,-1.520192,0.4107015,0.0,0.0,0.0
1,28.84,1540.1294,86.951775,34.920635,0.0,26.810175,0.0,2,0,4652.0,308.43713,23.85184,573.01416,-1.3942025,0.49461243,0.0,0.0,0.0
1,29.04,1547.4906,88.56771,36.50794,0.0,21.526419,0.0,2,0,4790.0,303.50104,23.900257,573.0694,-1.6181351,0.5205802,0.0,0.0,0.0
1,29.24,1553.354,93.001564,71.42857,0.0,10.567514,0.0,2,0,5086.0,298.592,23.939001,572.464,-1.2017963,0.8580294,0.0,0.0,0.0
1,29.44,1559.3082,98.480385,79.36509,0.0,9.589041,0.0,2,0,5386.0,293.34665,23.951468,571.41626,-1.1976682,0.8544151,0.0,0.0,0.0
1,29.64,1565.4456,100.36625,41.269844,0.0,6.457926,0.0,2,0,5352.0,288.04428,23.940437,569.81213,-1.3603634,0.68030983,0.0,0.0,0.0
1,29.84,1572.2576,104.80559,80.952385,0.0,0.5870842,0.0,2,0,5775.0,282.72882,23.893164,567.6625,-0.9693659,0.7260848,0.0,0.0,0.0
1,30.04,1578.4724,109.90195,82.53969,0.0,2.5440314,0.0,2,0,6037.0,277.29932,23.796515,565.05566,-1.1077217,0.7252472,0.0,0.0,0.0
1,30.22,1584.8229,114.76862,42.857147,0.0,-4.3052835,0.0,2,0,6391.0,272.34543,23.667198,562.26666,-0.718237,0.7351625,0.0,0.0,0.0
1,30.44,1591.293,121.38136,85.714294,0.0,0.19569471,0.0,2,0,6653.0,266.22928,23.48145,558.3898,-0.9669781,1.0233274,0.0,0.0,0.0
1,30.64,1597.8805,124.85643,85.714294,0.0,-1.9569471,0.0,2,0,7038.0,260.74173,23.28856,554.3439,-0.7925613,0.9080507,0.0,0.0,0.0
1,30.84,1604.699,132.93759,88.88889,0.0,-1.369863,0.0,2,0,7174.0,255.1489,23.07138,549.752,-0.9541812,0.92494094,0.0,0.0,0.0
1,31.04,1612.1233,139.46416,98.412704,0.0,2.9354208,0.0,2,0,7761.0,249.36192,22.853254,544.6579,-0.63051796,0.86728215,0.0,0.0,0.0
1,31.24,1620.0061,147.08997,100.0,0.0,-0.5870842,0.0,2,0,7961.0,243.6031,22.69817,539.0346,-1.2315904,1.0998136,0.0,0.0,0.0
1,31.44,1628.3134,146.0126,0.0,0.0,-1.5655577,0.0,3,0,7393.0,238.09909,22.612614,532.8789,-0.95206225,0.20128736,0.0,0.0,0.0
1,31.64,1636.5524,154.59105,100.0,0.0,4.6966734,0.0,3,0,6608.0,232.46388,22.533493,526.71533,-0.4429433,0.7393725,0.0,0.0,0.0
1,31.84,1645.17,159.96094,100.0,0.0,2.9354208,0.0,3,0,6869.0,226.68666,22.450085,520.1819,-0.50655687,0.767818,0.0,0.0,0.0
1,32.04,1654.1254,165.26727,100.0,0.0,2.9354208,0.0,3,0,7086.0,220.88696,22.363977,513.25854,-0.37986967,0.7576187,0.0,0.0,0.0
1,32.24,1663.3943,170.56854,100.0,0.0,2.5440314,0.0,3,0,7309.0,215.00824,22.274,506.02808,-0.42343825,0.7650018,0.0,0.0,0.0
1,32.44,1673.0236,175.524,100.0,0.0,1.9569471,0.0,3,0,7522.0,209.07379,22.187159,498.47787,-0.36282095,0.729715,0.0,0.0,0.0
1,32.64,1683.0205,180.3486,100.0,0.0,0.0,0.0,3,0,7716.0,202.998,22.088198,490.6878,0.0058009233,0.7056273,0.0,0.0,0.0
1,32.84,1693.2911,184.93558,100.0,0.0,-0.78277886,0.0,3,0,7927.0,196.67365,22.023985,482.7651,0.11441899,0.6762369,0.0,0.0,0.0
1,33.04,1703.6466,188.7778,100.0,0.0,-1.1741683,0.0,3,0,8117.0,190.09842,21.918379,474.74057,0.17891736,0.5912098,0.0,0.0,0.0
1,33.24,1714.146,192.64618,94.676834,0.0,-2.739726,0.0,3,0,8311.0,183.28851,21.810835,466.65225,0.4705426,0.5821333,0.0,0.0,0.0
1,33.44,1724.7222,194.9579,96.10552,0.0,-4.3052835,0.0,4,0,7157.0,176.2756,21.696714,458.7227,0.5859824,0.5962097,0.0,0.0,0.0
2,33.64,1735.6511,198.91434,89.21594,0.0,-4.5009785,0.0,4,0,7290.0,168.8285,21.572178,450.7288,0.76854825,0.58475167,0.0,0.0,0.0
2,33.84,1746.8638,202.78636,82.45891,0.0,-5.8708415,0.0,4,0,7469.0,160.89465,21.427454,442.8922,1.3354062,0.6065235,0.0,0.0,0.0
2,34.04,1758.2513,206.69948,75.83685,0.0,-5.088063,0.0,4,0,7616.0,152.3434,21.271444,435.40356,1.3613261,0.64559305,0.0,0.0,0.0
2,34.24,1769.784,210.18533,69.257614,0.0,-3.9138942,0.0,4,0,7717.0,143.34883,21.09252,428.14932,0.9175607,0.6141956,0.0,0.0,0.0
2,34.44,1781.5947,213.22011,66.680115,0.0,-4.3052835,0.0,4,0,7850.0,134.04347,20.926632,421.00467,0.95675385,0.57215905,0.0,0.0,0.0
2,34.64,1793.67,215.14919,66.693886,0.0,-5.088063,0.0,4,0,7982.0,124.33651,20.78254,414.12015,1.0657218,0.49299905,0.0,0.0,0.0
2,34.84,1806.0482,205.39793,0.0,0.0,-4.6966734,0.0,4,0,7815.0,114.59288,20.706507,407.76642,1.6555961,-0.17052047,0.0,0.0,0.0
2,35.04,1818.1157,193.17206,0.0,50.793655,-2.9354208,0.0,4,0,7549.0,105.04069,20.65046,402.12573,1.1900055,-1.3572278,0.0,0.0,0.0
2,35.24,1828.6727,183.19325,0.0,77.77779,1.7612524,0.0,4,0,6923.0,96.180984,20.543077,397.01196,0.3357566,-1.0588113,0.0,0.0,0.0
2,35.44,1838.2847,168.60721,0.0,65.07937,4.3052835,0.0,4,0,6518.0,88.11329,20.405918,391.94476,-0.3784361,-1.6375072,0.0,0.0,0.0
2,35.64,1847.3484,161.14616,0.0,52.380955,3.5225048,0.0,4,0,6202.0,80.66288,20.277956,386.63086,-0.96416336,-1.2607183,0.0,0.0,0.0
2,35.84,1856.0913,162.4111,0.0,9.52381,7.632094,0.0,3,0,7111.0,73.617294,20.10522,381.03366,-1.4357061,-0.43752053,0.0,0.0,0.0
2,36.04,1865.0966,161.59425,0.0,0.0,12.720156,0.0,3,0,7096.0,66.816986,19.96467,374.91766,-1.9810048,-0.057851207,0.0,0.0,0.0
2,36.24,1874.6261,160.07718,0.0,0.0,12.524462,0.0,3,0,7019.0,60.82013,19.814209,368.25653,-1.9246465,-0.017359592,0.0,0.0,0.0
2,36.44,1884.5388,156.44221,0.0,0.0,15.851271,0.0,3,0,6906.0,55.459255,19.683792,361.27414,-1.898161,-0.024289757,0.0,0.0,0.0
2,36.64,1894.0286,155.25676,0.0,0.0,14.285713,0.0,3,0,6837.0,50.977276,19.564312,353.99115,-2.038342,0.023419293,0.0,0.0,0.0
2,36.84,1903.3545,154.19304,0.0,0.0,16.63405,0.0,3,0,6750.0,47.14057,19.45156,346.2737,-1.967469,0.038457584,0.0,0.0,0.0
2,37.04,1912.2734,150.32413,0.0,0.0,18.199608,0.0,3,0,6659.0,44.101734,19.348326,338.4572,-2.2749743,0.021322971,0.0,0.0,0.0
2,37.24,1920.6045,148.54674,0.0,0.0,18.786694,0.0,3,0,6555.0,41.895027,19.244967,330.53143,-2.1177871,0.011745871,0.0,0.0,0.0
2,37.44,1928.781,146.77017,0.0,0.0,16.046967,0.0,3,0,6446.0,40.50218,19.148638,322.5077,-1.985673,0.018840626,0.0,0.0,0.0
2,37.64,1936.6487,146.39076,20.634922,0.0,14.285713,0.0,3,0,6450.0,39.858757,19.029676,314.4836,-1.8073536,0.2075464,0.0,0.0,0.0
2,37.84,1944.5953,148.20856,41.269844,0.0,10.567514,0.0,3,0,6511.0,39.813225,18.883842,306.37094,-1.6761336,0.4093505,0.0,0.0,0.0
2,38.04,1952.7692,151.63342,55.555557,0.0,10.958904,0.0,3,0,6570.0,40.190704,18.683409,298.0931,-1.459131,0.45797363,0.0,0.0,0.0
2,38.24,1961.2579,156.4399,74.60318,0.0,10.763209,0.0,3,0,6852.0,40.93992,18.453922,289.54816,-1.5922786,0.64549905,0.0,0.0,0.0
2,38.44,1970.0614,160.54466,87.3016,0.0,-0.97847354,0.0,3,0,7203.0,42.135494,18.18189,280.81122,-0.8719418,0.7417341,0.0,0.0,0.0
2,38.64,1979.0577,162.31598,87.3016,0.0,-12.915852,0.0,3,0,7248.0,43.279934,17.876747,271.8889,1.2016817,0.5884884,0.0,0.0,0.0
2,38.84,1988.2606,159.41681,17.460318,0.0,-14.481409,0.0,3,0,7133.0,43.170002,17.557852,262.93613,1.7997868,0.12283164,0.0,0.0,0.0
2,39.02,1998.0155,158.10233,0.0,0.0,-15.655577,0.0,3,0,6993.0,42.312454,17.257639,255.06203,2.1265562,-0.07992831,0.0,0.0,0.0
2,39.24,2007.9391,157.66977,0.0,0.0,-17.80822,0.0,3,0,6893.0,40.55204,16.876165,245.46136,3.0272171,-0.20076552,0.0,0.0,0.0
2,39.44,2017.425,159.70143,42.857147,0.0,-17.221134,0.0,3,0,7042.0,38.28988,16.530401,236.9373,2.130969,0.35937196,0.0,0.0,0.0
2,39.64,2026.6705,162.15123,58.73016,0.0,-16.63405,0.0,3,0,7139.0,35.324203,16.196196,228.57103,1.9196754,0.59616214,0.0,0.0,0.0
2,39.84,2035.688,162.9879,60.317463,0.0,-17.416828,0.0,3,0,7229.0,31.64384,15.865173,220.41382,1.834001,0.57328606,0.0,0.0,0.0
2,40.04,2044.6683,164.19,61.904762,0.0,-17.02544,0.0,3,0,7358.0,27.328188,15.537094,212.5037,1.954523,0.55875516,0.0,0.0,0.0
2,40.24,2053.5056,169.0206,61.904762,0.0,-17.02544,0.0,3,0,7493.0,22.205503,15.203815,204.7659,2.1100392,0.6066083,0.0,0.0,0.0
2,40.44,2062.639,171.44618,66.66667,0.0,-15.851271,0.0,3,0,7608.0,16.316202,14.850777,197.28433,2.2131367,0.64836246,0.0,0.0,0.0
2,40.62,2072.109,173.86957,74.60318,0.0,-12.524462,0.0,3,0,7770.0,10.446649,14.478666,190.9379,1.7210106,0.63868535,0.0,0.0,0.0
2,40.82,2081.7961,177.81303,77.77779,0.0,-9.980431,0.0,3,0,7946.0,3.42147,14.005015,184.14627,1.6882849,0.6662488,0.0,0.0,0.0
2,41.04,2091.6604,183.09993,92.0635,0.0,-4.109589,0.0,3,0,8279.0,-4.9768953,13.398269,177.06573,1.1091188,0.8768564,0.0,0.0,0.0
2,41.24,2101.8132,183.1182,93.6508,0.0,-4.5009785,0.0,3,0,8354.0,-13.150806,12.799294,170.89098,0.8687094,0.2134801,0.0,0.0,0.0
2,41.44,2112.0876,190.15474,98.954414,0.0,-2.739726,0.0,3,0,8298.0,-21.58011,12.200768,164.88441,1.2235428,0.7433834,0.0,0.0,0.0
2,41.64,2122.4565,192.47127,96.77627,0.0,-4.109589,0.0,4,0,7088.0,-30.369999,11.619689,159.29202,0.7883224,0.6616931,0.0,0.0,0.0
2,41.84,2133.0796,196.70506,89.85925,0.0,-5.8708415,0.0,4,0,7236.0,-39.633297,11.065674,153.81258,1.0802389,0.66287524,0.0,0.0,0.0
2,42.04,2143.8628,193.71463,0.0,0.0,-5.6751466,0.0,4,0,7101.0,-49.29247,10.597646,148.77254,1.5055033,-0.09488635,0.0,0.0,0.0
2,42.24,2154.2512,191.22295,0.0,0.0,-0.78277886,0.0,4,0,7047.0,-58.877617,10.21992,144.3808,1.0497668,-0.12500447,0.0,0.0,0.0
2,42.44,2164.3235,181.30016,0.0,20.634922,3.3268101,0.0,4,0,6877.0,-68.15208,9.906184,140.14192,-0.17928196,-0.6243079,0.0,0.0,0.0
2,42.64,2173.8193,165.48419,0.0,61.904762,3.7181995,0.0,3,0,7596.0,-76.401985,9.63276,135.62364,-1.0465907,-1.5674018,0.0,0.0,0.0
2,42.84,2182.657,154.18741,0.0,60.317463,3.5225048,0.0,3,0,7124.0,-83.648636,9.388258,130.8112,-1.0772533,-1.5244303,0.0,0.0,0.0
2,43.04,2191.0266,145.92285,20.634922,52.380955,2.9354208,0.0,0,0,7952.0,-90.4499,9.170216,126.101456,-0.7537279,-1.2406849,0.0,0.0,0.0
2,43.24,2199.005,136.48656,0.0,47.61905,3.1311154,0.0,2,0,7646.0,-96.88157,8.976238,121.556,-0.6485127,-1.2838486,0.0,0.0,0.0
2,43.44,2206.5266,129.01782,0.0,41.269844,3.5225048,0.0,2,0,7260.0,-102.862045,8.813656,117.12259,-0.6264367,-1.0771741,0.0,0.0,0.0
2,43.64,2213.6724,122.14174,4.761905,42.857147,5.6751466,0.0,0,0,8024.0,-108.413925,8.672874,112.7544,-0.7459963,-0.99971926,0.0,0.0,0.0
2,43.84,2220.4036,114.227875,0.0,42.857147,6.849315,0.0,1,0,7553.0,-113.43738,8.542316,108.405334,-0.9669322,-0.9465369,0.0,0.0,0.0
2,44.04,2226.5696,107.22593,0.0,41.269844,10.763209,0.0,1,0,7047.0,-117.77709,8.419177,104.023476,-1.2393342,-0.95636135,0.0,0.0,0.0
2,44.24,2232.408,101.01451,0.0,38.09524,15.851271,0.0,1,0,6544.0,-121.51182,8.307074,99.495155,-1.4393563,-0.9189039,0.0,0.0,0.0
2,44.44,2237.8274,95.33054,0.0,33.333336,21.135029,0.0,1,0,6144.0,-124.61239,8.202862,94.93203,-1.348269,-0.76307315,0.0,0.0,0.0
2,44.64,2242.7686,90.68978,0.0,26.984129,32.876713,0.0,1,0,5769.0,-127.09188,8.104371,90.39223,-1.6758833,-0.6034917,0.0,0.0,0.0
2,44.84,2247.4333,87.12424,0.0,15.873016,38.356163,0.0,1,0,5474.0,-128.9199,8.019086,85.839485,-1.5539663,-0.37986305,0.0,0.0,0.0
2,45.04,2252.2568,83.595985,0.0,9.52381,45.401173,0.0,1,0,5305.0,-130.06775,7.936943,81.2864,-1.6209602,-0.23754373,0.0,0.0,0.0
2,45.24,2257.4568,79.45104,0.0,7.936508,58.12133,0.0,1,0,5110.0,-130.52722,7.878464,76.828476,-1.8186622,-0.21068913,0.0,0.0,0.0
2,45.44,2262.6272,77.995964,0.0,0.0,61.05675,0.0,1,0,4937.0,-130.30139,7.867153,72.52916,-1.6736323,-0.09002499,0.0,0.0,0.0
2,45.64,2267.6638,76.35205,0.0,0.0,61.252445,0.0,1,0,4822.0,-129.41722,7.8691287,68.31392,-1.763862,0.0029086305,0.0,0.0,0.0
2,45.84,2272.2668,74.540634,0.0,0.0,61.252445,0.0,1,0,4659.0,-127.96092,7.909131,64.40709,-1.6564884,-0.028977534,0.0,0.0,0.0
2,46.04,2276.193,73.239006,0.0,0.0,61.252445,0.0,1,0,4522.0,-125.95852,7.956178,60.826645,-1.7353754,-0.041388873,0.0,0.0,0.0
2,46.24,2279.9463,71.174904,0.0,0.0,61.05675,0.0,1,0,4386.0,-123.52961,8.008021,57.6927,-1.6283834,-0.028322766,0.0,0.0,0.0
2,46.44,2283.2556,68.993454,0.0,0.0,57.53425,0.0,1,0,4252.0,-120.76919,8.055173,55.07048,-1.5873618,-0.04592222,0.0,0.0,0.0
2,46.64,2286.4148,72.50781,47.61905,0.0,45.79256,0.0,1,0,4578.0,-117.69856,8.092975,52.946575,-1.2770429,0.6209101,0.0,0.0,0.0
2,46.84,2290.267,73.03123,31.746033,0.0,36.399216,0.0,1,0,4676.0,-114.12082,8.142148,51.05447,-1.3714911,0.46499014,0.0,0.0,0.0
2,47.04,2293.8232,74.69086,31.746033,0.0,24.657534,0.0,1,0,4751.0,-110.2494,8.175501,49.739323,-1.3337501,0.5106882,0.0,0.0,0.0
2,47.24,2297.4863,78.61196,38.09524,0.0,17.612524,0.0,1,0,5062.0,-106.127464,8.217077,48.938435,-1.0819132,0.80097735,0.0,0.0,0.0
2,47.44,2301.454,83.37075,38.09524,0.0,10.763209,0.0,1,0,5320.0,-101.641014,8.258165,48.546593,-1.0400314,0.86520916,0.0,0.0,0.0
2,47.64,2306.1477,87.993004,90.4762,0.0,2.1526418,0.0,1,0,5548.0,-96.85871,8.305094,48.51523,-0.9208774,0.8665425,0.0,0.0,0.0
2,47.84,2310.7234,95.248604,98.412704,0.0,2.739726,0.0,1,0,5914.0,-91.74059,8.364256,48.76931,-0.64898276,1.0174645,0.0,0.0,0.0
2,48.04,2315.8547,102.74419,100.0,0.0,5.479452,0.0,1,0,6391.0,-86.17799,8.453416,49.20894,-0.6640415,0.9473222,0.0,0.0,0.0
2,48.24,2321.5513,111.26077,100.0,0.0,2.1526418,0.0,1,0,6996.0,-80.182144,8.548531,49.924854,-0.69232255,1.0956659,0.0,0.0,0.0
2,48.44,2327.8662,117.106995,100.0,0.0,0.19569471,0.0,1,0,7358.0,-73.88874,8.672379,50.961533,-0.531346,0.9514774,0.0,0.0,0.0
2,48.64,2334.4497,124.61781,100.0,0.0,0.19569471,0.0,1,0,7784.0,-67.32254,8.79028,52.313454,-0.40171278,1.08965,0.0,0.0,0.0
2,48.84,2341.3967,131.09016,100.0,0.0,-0.5870842,0.0,1,0,8058.0,-60.428535,8.945058,53.903614,-0.3649977,1.0146168,0.0,0.0,0.0
2,49.04,2348.7046,129.05331,0.0,0.0,-0.19569471,0.0,0,0,8208.0,-53.196526,9.110701,55.616398,0.034444194,-0.43089268,0.0,0.0,0.0
2,49.24,2356.0986,141.08386,100.0,0.0,0.19569471,0.0,2,0,7343.0,-45.882404,9.292324,57.249077,-0.019012244,0.9008347,0.0,0.0,0.0
2,49.44,2363.911,146.84981,100.0,0.0,0.19569471,0.0,2,0,7616.0,-38.072136,9.503804,59.032,-0.03992628,0.81477946,0.0,0.0,0.0
2,49.64,2372.1184,152.68784,100.0,0.0,0.0,0.0,2,0,7925.0,-29.948936,9.7377615,60.849304,-0.020303037,0.81343514,0.0,0.0,0.0
2,49.84,2380.6316,157.62596,100.0,0.0,-0.19569471,0.0,2,0,8151.0,-21.543283,10.0210285,62.689075,-0.022265702,0.75377786,0.0,0.0,0.0
2,50.04,2389.3362,160.3601,100.0,0.0,-0.97847354,0.0,3,0,6858.0,-13.043619,10.321683,64.54439,0.10441329,0.7079101,0.0,0.0,0.0
2,50.24,2398.2085,165.41733,100.0,0.0,0.0,0.0,3,0,7091.0,-4.243762,10.637064,66.41819,-0.0026583637,0.72791326,0.0,0.0,0.0
2,50.44,2407.4226,169.71692,100.0,0.0,0.5870842,0.0,3,0,7337.0,4.857867,10.942614,68.371155,-0.028789215,0.625924,0.0,0.0,0.0
2,50.64,2416.902,174.84499,100.0,0.0,0.78277886,0.0,3,0,7526.0,14.213762,11.231565,70.4078,-0.12901995,0.68126667,0.0,0.0,0.0
2,50.84,2426.646,179.30302,100.0,0.0,-0.19569471,0.0,3,0,7720.0,23.807203,11.52142,72.56398,0.05086391,0.66436875,0.0,0.0,0.0
2,51.04,2436.6404,183.6556,100.0,0.0,-0.39138943,0.0,3,0,7901.0,33.651653,11.7994585,74.72396,0.06833567,0.6405445,0.0,0.0,0.0
2,51.24,2446.8713,187.7622,100.0,0.0,-0.5870842,0.0,3,0,8086.0,43.730427,12.046429,76.88956,0.077977605,0.62193817,0.0,0.0,0.0
2,51.44,2457.3123,186.36925,0.0,0.0,0.97847354,0.0,0,0,8094.0,54.01235,12.270787,79.07122,-0.07693875,-0.20842095,0.0,0.0,0.0
2,51.64,2467.7903,193.39125,95.36984,0.0,1.1741683,0.0,4,0,7103.0,64.29093,12.47034,81.37258,-0.10202438,0.5252119,0.0,0.0,0.0
2,51.84,2478.541,197.57114,88.46099,0.0,1.1741683,0.0,4,0,7232.0,74.860695,12.65494,83.86949,-0.19104889,0.5709603,0.0,0.0,0.0
2,52.04,2489.497,201.39777,81.660286,0.0,-0.78277886,0.0,4,0,7369.0,85.642265,12.81316,86.44742,0.058046516,0.565779,0.0,0.0,0.0
2,52.24,2500.657,204.90277,74.957726,0.0,-0.39138943,0.0,4,0,7510.0,96.66177,12.9420595,88.897675,0.0774626,0.52466494,0.0,0.0,0.0
2,52.44,2512.0706,208.36583,68.40469,0.0,-2.1526418,0.0,4,0,7641.0,107.90131,13.024482,91.28544,0.3416571,0.4947058,0.0,0.0,0.0
2,52.64,2523.7356,211.96283,66.637886,0.0,-0.97847354,0.0,4,0,7785.0,119.35066,13.092576,93.60144,0.1340719,0.48985434,0.0,0.0,0.0
2,52.84,2535.5732,215.49814,66.7143,0.0,-4.3052835,0.0,4,0,7907.0,131.01543,13.096359,95.83947,0.66383517,0.5088204,0.0,0.0,0.0
2,53.04,2547.583,218.50154,66.2901,0.0,-5.6751466,0.0,4,0,8075.0,142.95963,13.050955,97.50604,1.4211134,0.48853076,0.0,0.0,0.0
2,53.24,2559.7002,218.26355,65.82616,0.0,-3.3268101,0.0,4,0,8143.0,155.07164,12.946416,98.422806,0.829985,0.45581794,0.0,0.0,0.0
2,53.44,2571.7437,211.9846,0.0,0.0,-7.2407045,0.0,4,0,8034.0,167.03506,12.783604,98.93763,1.5755464,-0.22456653,0.0,0.0,0.0
2,53.64,2583.2834,211.2067,0.0,0.0,-5.283757,0.0,4,0,8020.0,178.76094,12.560882,98.54079,2.034671,-0.13752167,0.0,0.0,0.0
2,53.84,2594.7732,204.80591,0.0,42.857147,-3.7181995,0.0,4,0,7746.0,190.45439,12.295024,97.44912,2.1495013,-0.9462133,0.0,0.0,0.0
2,54.04,2605.9387,191.67813,0.0,50.793655,-2.1526418,0.0,4,0,7298.0,201.38283,12.04905,96.08629,1.2711012,-1.1657134,0.0,0.0,0.0
2,54.22,2616.6025,180.25247,0.0,50.793655,-4.5009785,0.0,4,0,6976.0,210.29665,11.826679,94.63595,1.5223409,-1.2826192,0.0,0.0,0.0
2,54.44,2626.3928,169.86017,0.0,55.555557,-7.0450096,0.0,3,0,7702.0,220.4986,11.565015,92.23469,1.5803815,-1.3274535,0.0,0.0,0.0
2,54.64,2635.9875,160.8983,0.0,46.03175,-4.5009785,0.0,3,0,7277.0,229.14856,11.334903,89.59888,1.665215,-1.1499732,0.0,0.0,0.0
2,54.84,2645.167,153.63562,0.0,38.09524,-5.283757,0.0,3,0,6951.0,237.26117,11.110093,86.60742,1.6515735,-0.95696944,0.0,0.0,0.0
2,55.04,2653.756,146.74936,0.0,33.333336,-4.6966734,0.0,3,0,6624.0,244.8796,10.895002,83.38324,1.1438122,-0.8485985,0.0,0.0,0.0
2,55.24,2661.7234,138.21024,0.0,34.920635,-8.023483,0.0,3,0,6343.0,252.01788,10.717301,80.09956,1.2280343,-0.9015891,0.0,0.0,0.0
2,55.44,2669.071,129.53194,0.0,44.444447,-8.806262,0.0,2,0,7285.0,258.48013,10.53728,76.43005,1.4117737,-1.0827302,0.0,0.0,0.0
2,55.64,2675.947,121.323364,0.0,44.444447,-10.958904,0.0,2,0,6839.0,264.24527,10.397325,72.5203,1.6820494,-1.0510105,0.0,0.0,0.0
2,55.84,2682.3738,114.58033,7.936508,39.682545,-8.610567,0.0,0,0,7522.0,269.32098,10.275854,68.360954,1.4517072,-0.86924124,0.0,0.0,0.0
2,56.04,2688.5398,105.76358,0.0,44.444447,-9.393347,0.0,1,0,6945.0,273.861,10.157357,64.23464,1.0660284,-0.99484026,0.0,0.0,0.0
2,56.24,2694.1611,96.837105,0.0,44.444447,-9.197652,0.0,1,0,6429.0,277.8105,10.047657,60.26906,1.0270768,-1.0444236,0.0,0.0,0.0
2,56.44,2699.3237,88.755005,0.0,42.857147,-7.0450096,0.0,1,0,6012.0,281.258,9.952763,56.430187,0.68204296,-1.0688449,0.0,0.0,0.0
2,56.64,2704.1106,81.70313,0.0,42.857147,-20.352251,0.0,1,0,5499.0,284.2252,9.85042,52.699245,1.0791323,-0.9624571,0.0,0.0,0.0
2,56.84,2708.5464,77.31668,0.0,26.984129,-32.68102,0.0,1,0,5135.0,286.50192,9.741155,48.86279,1.4506519,-0.67639565,0.0,0.0,0.0
2,57.02,2712.755,75.25025,0.0,17.460318,-40.900196,0.0,1,0,4917.0,288.01196,9.639784,45.256874,1.5639681,-0.36626285,0.0,0.0,0.0
2,57.24,2716.6313,73.89436,0.0,7.936508,-52.64188,0.0,1,0,4693.0,289.23648,9.516567,40.72963,1.5634835,-0.18074957,0.0,0.0,0.0
2,57.44,2720.4697,71.59954,0.0,6.349207,-57.925636,0.0,1,0,4520.0,289.68573,9.392039,36.637234,1.569904,-0.08871287,0.0,0.0,0.0
2,57.64,2723.936,69.128395,0.0,3.1746035,-64.18787,0.0,1,0,4342.0,289.55182,9.2573,32.7326,1.4911146,-0.10278573,0.0,0.0,0.0
2,57.84,2728.098,68.183556,0.0,0.0,-64.579254,0.0,1,0,4240.0,288.82407,9.167566,29.024582,1.7504877,-0.005753904,0.0,0.0,0.0
2,58.04,2732.929,67.565994,0.0,0.0,-59.295498,0.0,1,0,4138.0,287.31836,9.128175,25.5864,1.7530651,0.057764947,0.0,0.0,0.0
2,58.24,2737.3564,69.76157,31.746033,0.0,-45.98826,0.0,1,0,4260.0,285.1776,9.142196,22.521141,1.5993099,0.51382464,0.0,0.0,0.0
2,58.44,2741.0386,74.322716,60.317463,0.0,-35.029354,0.0,1,0,4661.0,282.53268,9.189669,19.562119,1.1776285,0.7855169,0.0,0.0,0.0
2,58.64,2744.7815,74.68694,30.158731,0.0,-30.528376,0.0,1,0,4691.0,279.42776,9.238907,16.787186,1.5211627,0.49220264,0.0,0.0,0.0
2,58.84,2748.2551,78.54995,31.746033,0.0,-27.78865,0.0,1,0,4990.0,275.95032,9.265592,14.570146,1.2085831,0.8215744,0.0,0.0,0.0
2,59.04,2752.2656,78.5951,31.746033,0.0,-27.201567,0.0,1,0,4918.0,272.0754,9.287127,12.720863,1.395503,0.46466443,0.0,0.0,0.0
2,59.24,2756.5664,81.82496,36.50794,0.0,-20.547945,0.0,1,0,5136.0,267.8984,9.282556,11.39779,1.2620262,0.628362,0.0,0.0,0.0
2,59.44,2761.0928,86.36012,38.09524,0.0,-4.5009785,0.0,1,0,5522.0,263.3745,9.273151,10.443234,0.8232803,0.8077585,0.0,0.0,0.0
2,59.64,2765.9988,92.96257,98.412704,0.0,-1.7612524,0.0,1,0,5773.0,258.45117,9.275133,9.703059,0.7865985,0.93833953,0.0,0.0,0.0
2,59.84,2771.2634,100.36365,100.0,0.0,0.78277886,0.0,1,0,6122.0,253.10466,9.266858,9.094748,0.38654172,1.025533,0.0,0.0,0.0
2,60.04,2776.9333,107.46785,100.0,0.0,-0.39138943,0.0,1,0,6639.0,247.34543,9.291367,8.455628,0.15198389,1.0419279,0.0,0.0,0.0
2,60.24,2783.002,114.65837,100.0,0.0,0.0,0.0,1,0,7086.0,241.19063,9.3178215,7.769079,0.07497279,1.029972,0.0,0.0,0.0
2,60.44,2789.4968,122.13983,100.0,0.0,-0.5870842,0.0,1,0,7629.0,234.5886,9.369785,7.0298157,0.035476252,0.9988141,0.0,0.0,0.0
2,60.64,2796.3835,129.73064,100.0,0.0,-0.5870842,0.0,1,0,7920.0,227.58102,9.404748,6.186581,0.06763433,1.0244577,0.0,0.0,0.0
2,60.84,2803.584,133.7389,100.0,0.0,-0.78277886,0.0,2,0,6945.0,220.40567,9.437915,5.32766,0.04045588,0.9600318,0.0,0.0,0.0
2,61.04,2810.9705,140.08781,100.0,0.0,-0.39138943,0.0,2,0,7274.0,212.8622,9.469427,4.4363317,0.044231392,0.918095,0.0,0.0,0.0
2,61.24,2818.831,146.41182,100.0,0.0,-0.19569471,0.0,2,0,7584.0,204.92754,9.487332,3.5405118,0.008665646,0.9185551,0.0,0.0,0.0
2,61.44,2827.0393,152.06435,100.0,0.0,0.0,0.0,2,0,7880.0,196.66039,9.492994,2.6452425,-0.0076536443,0.83714616,0.0,0.0,0.0
2,61.64,2835.5767,157.51129,100.0,0.0,-0.78277886,0.0,2,0,8161.0,188.0832,9.489766,1.729803,0.096437484,0.7908807,0.0,0.0,0.0
2,61.84,2844.3032,160.58011,100.0,0.0,-0.78277886,0.0,3,0,6889.0,179.39409,9.482343,0.8743077,0.13813369,0.7613199,0.0,0.0,0.0
2,62.04,2853.1548,165.6526,100.0,0.0,-0.39138943,0.0,3,0,7109.0,170.38443,9.477823,0.04008616,0.04095654,0.72263527,0.0,0.0,0.0
2,62.24,2862.3928,170.71362,100.0,0.0,0.0,0.0,3,0,7320.0,161.05342,9.474886,-0.8255538,0.014329733,0.721826,0.0,0.0,0.0
2,62.44,2871.9094,175.70502,100.0,0.0,0.39138943,0.0,3,0,7543.0,151.45833,9.474084,-1.7261641,-0.0057481118,0.73337656,0.0,0.0,0.0
2,62.64,2881.6946,180.20375,100.0,0.0,-1.7612524,0.0,3,0,7749.0,141.60274,9.471053,-2.6145916,0.3015552,0.67425275,0.0,0.0,0.0
2,62.84,2891.759,184.72272,100.0,0.0,-2.9354208,0.0,3,0,7979.0,131.47557,9.463895,-3.3234375,0.45080376,0.6555813,0.0,0.0,0.0
2,63.04,2902.0662,188.80011,100.0,0.0,-2.1526418,0.0,3,0,8189.0,121.09256,9.448243,-3.8094058,0.5719808,0.61296993,0.0,0.0,0.0
2,63.24,2912.556,187.61958,0.0,0.0,-0.78277886,0.0,0,0,8174.0,110.517426,9.449713,-4.228713,0.08473934,-0.19471635,0.0,0.0,0.0
2,63.44,2923.1067,194.90791,95.40225,0.0,-0.19569471,0.0,4,0,7157.0,99.90352,9.449789,-4.6659384,0.06624985,0.56188357,0.0,0.0,0.0
2,63.64,2933.9753,198.96944,88.52327,0.0,0.39138943,0.0,4,0,7294.0,88.96234,9.449969,-5.1409125,4.3235728E-4,0.56765014,0.0,0.0,0.0
2,63.84,2945.0867,202.83585,81.73916,0.0,0.19569471,0.0,4,0,7442.0,77.8082,9.443188,-5.6845665,-0.03407484,0.56624377,0.0,0.0,0.0
2,64.04,2956.4006,206.34052,75.097046,0.0,0.5870842,0.0,4,0,7585.0,66.447815,9.448485,-6.2283173,-0.07107648,0.52017444,0.0,0.0,0.0
2,64.24,2967.9243,210.19449,68.57915,0.0,0.5870842,0.0,4,0,7716.0,54.875927,9.453047,-6.822711,-0.06773836,0.54274553,0.0,0.0,0.0
2,64.44,2979.6472,213.7305,66.68103,0.0,0.5870842,0.0,4,0,7852.0,43.117325,9.452219,-7.46446,-0.094919816,0.53817666,0.0,0.0,0.0
2,64.64,2991.561,216.96997,66.685455,0.0,0.0,0.0,4,0,7986.0,31.162682,9.448797,-8.125935,0.019521367,0.4808163,0.0,0.0,0.0
2,64.84,3003.6643,220.31102,66.08596,0.0,-0.39138943,0.0,4,0,8105.0,19.026176,9.456254,-8.75467,0.08590827,0.49333918,0.0,0.0,0.0
2,65.02,3015.9282,222.99208,65.39933,0.0,-0.39138943,0.0,4,0,8203.0,7.9609966,9.457822,-9.271555,0.07588175,0.46538803,0.0,0.0,0.0
2,65.24,3028.2798,224.8504,97.64566,0.0,-0.5870842,0.0,5,0,7187.0,-5.629133,9.4754925,-9.866192,0.13614751,0.42795867,0.0,0.0,0.0
2,65.44,3040.7554,228.08545,90.73318,0.0,-0.5870842,0.0,5,0,7301.0,-18.180744,9.445002,-10.348114,0.106952585,0.46467802,0.0,0.0,0.0
2,65.64,3053.4797,230.79839,83.89229,0.0,0.0,0.0,5,0,7402.0,-30.924385,9.449849,-10.814829,-0.0070954137,0.4179738,0.0,0.0,0.0
2,65.84,3066.3582,233.5796,77.10886,0.0,-0.39138943,0.0,5,0,7492.0,-43.81977,9.445804,-11.293027,0.08435609,0.40515837,0.0,0.0,0.0
2,66.04,3079.369,236.27867,70.436104,0.0,0.0,0.0,5,0,7581.0,-56.874645,9.451069,-11.741994,0.05056323,0.3745512,0.0,0.0,0.0
2,66.24,3092.514,238.9971,66.57057,0.0,0.19569471,0.0,5,0,7672.0,-70.07922,9.449913,-12.21151,-0.018629296,0.38008595,0.0,0.0,0.0
2,66.44,3105.81,242.02373,66.74477,0.0,-0.39138943,0.0,5,0,7764.0,-83.42874,9.441293,-12.704239,0.05353052,0.4285459,0.0,0.0,0.0
2,66.64,3119.253,243.91983,66.81654,0.0,0.5870842,0.0,5,0,7851.0,-96.92896,9.432003,-13.122091,-0.022287693,0.31947148,0.0,0.0,0.0
2,66.84,3132.865,246.5805,66.86817,0.0,0.97847354,0.0,5,0,7926.0,-110.56746,9.432201,-13.6400585,-0.15587439,0.32833713,0.0,0.0,0.0
2,67.04,3146.6213,248.93103,66.80436,0.0,1.1741683,0.0,5,0,8008.0,-124.323044,9.437408,-14.283008,-0.23902512,0.32764143,0.0,0.0,0.0
2,67.24,3160.4736,251.12267,66.42327,0.0,1.1741683,0.0,5,0,8077.0,-138.19601,9.440699,-15.088524,-0.34885183,0.2959928,0.0,0.0,0.0
2,67.44,3174.4822,252.71803,66.000694,0.0,0.39138943,0.0,5,0,8140.0,-152.19066,9.448968,-16.019865,-0.12973681,0.20372647,0.0,0.0,0.0
2,67.64,3188.5222,254.49626,96.36518,0.0,0.0,0.0,6,0,7125.0,-166.19884,9.45611,-16.90107,-0.0022167694,0.3098966,0.0,0.0,0.0
2,67.84,3202.6804,255.9568,89.39291,0.0,0.0,0.0,6,0,7195.0,-180.36523,9.462764,-17.75223,0.0072844266,0.21665923,0.0,0.0,0.0
2,68.04,3216.9617,259.15024,82.48612,0.0,0.78277886,0.0,6,0,7248.0,-194.66202,9.468307,-18.622677,-0.08854582,0.37581196,0.0,0.0,0.0
2,68.24,3231.3438,260.1381,75.62557,0.0,-0.78277886,0.0,6,0,7312.0,-209.05577,9.480986,-19.557516,0.06526952,0.216054,0.0,0.0,0.0
2,68.44,3245.8013,262.5508,68.80304,0.0,-0.19569471,0.0,6,0,7373.0,-223.57127,9.479048,-20.39637,0.101897866,0.28152943,0.0,0.0,0.0
2,68.64,3260.4055,264.96173,66.13121,0.0,-0.78277886,0.0,6,0,7414.0,-238.20308,9.484017,-21.178905,0.14571592,0.3465537,0.0,0.0,0.0
2,68.84,3275.146,266.41992,66.24097,0.0,-1.1741683,0.0,6,0,7469.0,-252.9455,9.485225,-21.855555,0.27334172,0.27521056,0.0,0.0,0.0
2,69.04,3289.979,268.04297,55.54553,0.0,0.19569471,0.0,6,0,7514.0,-267.7835,9.48143,-22.37228,0.1640411,0.24986318,0.0,0.0,0.0
2,69.24,3304.736,259.03302,0.0,0.0,-0.39138943,0.0,6,0,7365.0,-282.35022,9.484387,-22.901152,0.114704765,-0.35805148,0.0,0.0,0.0
2,69.44,3318.932,243.14331,0.0,61.904762,0.19569471,0.0,6,0,7117.0,-296.3099,9.479734,-23.371347,0.041450337,-1.7101855,0.0,0.0,0.0
2,69.64,3332.1343,223.63585,0.0,92.0635,0.0,0.0,5,0,7630.0,-309.09512,9.470438,-23.88558,-0.19747223,-2.4855113,0.0,0.0,0.0
2,69.84,3344.1956,206.24419,0.0,98.412704,0.97847354,0.0,5,0,7041.0,-320.86783,9.476898,-24.458366,-0.22711718,-2.4771776,0.0,0.0,0.0
2,70.04,3355.3206,190.06145,0.0,95.2381,0.19569471,0.0,4,0,7365.0,-331.75302,9.478614,-25.077034,-0.18762104,-2.3796673,0.0,0.0,0.0
2,70.24,3365.6194,175.84,0.0,87.3016,0.5870842,0.0,4,0,6667.0,-341.81775,9.487495,-25.72736,-0.19418703,-2.1011193,0.0,0.0,0.0
2,70.44,3375.1472,159.6066,0.0,84.12699,-0.5870842,0.0,3,0,7323.0,-351.0731,9.500416,-26.368525,-0.074755125,-2.2372346,0.0,0.0,0.0
2,70.64,3383.8625,147.75102,0.0,76.19048,-1.7612524,0.0,3,0,6735.0,-359.56665,9.509054,-26.876186,0.18465662,-1.8911628,0.0,0.0,0.0
2,70.84,3391.9075,136.36163,0.0,68.25397,-4.3052835,0.0,2,0,7629.0,-367.445,9.509015,-27.157114,0.5040548,-1.7277588,0.0,0.0,0.0
2,71.04,3399.3938,128.3489,0.0,47.61905,-11.154599,0.0,2,0,7165.0,-374.7821,9.496504,-27.020164,1.2861443,-1.2243294,0.0,0.0,0.0
2,71.24,3406.4717,129.52312,0.0,0.0,-12.133072,0.0,2,0,7047.0,-381.90417,9.461274,-26.123945,1.6216066,-0.13062721,0.0,0.0,0.0
2,71.44,3413.6514,130.46175,0.0,0.0,-14.872798,0.0,2,0,6953.0,-389.17477,9.417756,-24.447248,1.6476449,-0.08018261,0.0,0.0,0.0
2,71.64,3420.7495,128.8202,0.0,0.0,-16.046967,0.0,2,0,6878.0,-396.22205,9.360817,-22.143028,1.8093926,-0.018648757,0.0,0.0,0.0
2,71.84,3427.9575,129.86739,34.920635,0.0,-18.786694,0.0,2,0,7064.0,-402.86032,9.308804,-19.284203,1.6270806,0.36965108,0.0,0.0,0.0
2,72.04,3435.6047,132.35797,36.50794,0.0,-21.917809,0.0,2,0,7103.0,-409.35968,9.261726,-15.778866,1.6777116,0.36579198,0.0,0.0,0.0
2,72.24,3444.1208,129.791,6.349207,0.0,-23.874756,0.0,2,0,6970.0,-415.51883,9.267037,-11.689727,1.908158,0.031836666,0.0,0.0,0.0
2,72.44,3452.3696,128.658,0.0,0.0,-22.113503,0.0,2,0,6877.0,-420.97034,9.326644,-6.999114,1.9869584,0.028413158,0.0,0.0,0.0
2,72.64,3459.9414,124.295235,6.349207,0.0,-21.526419,0.0,2,0,6730.0,-425.71228,9.436134,-1.8324679,1.8636512,0.1179642,0.0,0.0,0.0
2,72.84,3467.5127,125.820755,28.57143,0.0,-19.765165,0.0,2,0,6971.0,-429.736,9.58168,3.764291,2.2335858,0.42466083,0.0,0.0,0.0
2,73.04,3474.5837,128.76523,57.14286,0.0,-19.765165,0.0,2,0,6910.0,-433.20596,9.767185,9.980935,1.9763414,0.436681,0.0,0.0,0.0
2,73.24,3481.619,133.45801,57.14286,0.0,-20.743639,0.0,2,0,7127.0,-436.24847,9.964497,16.691124,1.8652334,0.6521883,0.0,0.0,0.0
2,73.44,3488.8096,135.70201,49.206352,0.0,-21.722115,0.0,2,0,7234.0,-438.61102,10.168797,23.754833,1.9983606,0.620379,0.0,0.0,0.0
2,73.64,3496.0972,136.17824,47.61905,0.0,-20.547945,0.0,2,0,7289.0,-440.11813,10.355365,31.050543,1.7698375,0.5108877,0.0,0.0,0.0
2,73.84,3503.2725,137.55217,61.904762,0.0,-17.612524,0.0,2,0,7500.0,-440.93805,10.518136,38.522358,1.7885373,0.5640048,0.0,0.0,0.0
2,74.04,3510.721,137.42282,33.333336,0.0,-16.63405,0.0,2,0,7514.0,-441.09464,10.66267,46.138798,1.9101292,0.31714872,0.0,0.0,0.0
2,74.24,3517.8562,139.11313,66.66667,0.0,-10.3718195,0.0,2,0,7549.0,-440.45285,10.807538,53.722073,1.8262556,0.42100772,0.0,0.0,0.0
2,74.44,3525.3499,144.70328,66.66667,0.0,-4.109589,0.0,2,0,7832.0,-439.11588,10.938818,61.493195,1.6567283,0.76596445,0.0,0.0,0.0
2,74.64,3532.9172,149.29088,77.77779,0.0,-9.197652,0.0,2,0,8030.0,-437.11652,11.079578,69.38793,1.6326844,0.79786783,0.0,0.0,0.0
2,74.84,3541.0178,153.3916,77.77779,0.0,-6.066536,0.0,2,0,8343.0,-434.43073,11.243086,77.35166,1.7072488,0.80197895,0.0,0.0,0.0
2,75.04,3548.995,155.34525,87.3016,0.0,-4.6966734,0.0,3,0,6844.0,-430.977,11.383976,85.00461,1.4166185,0.7688805,0.0,0.0,0.0
2,75.22,3557.3464,159.26578,90.4762,0.0,-8.414873,0.0,3,0,6959.0,-427.42737,11.563626,92.00086,1.4144634,0.7203403,0.0,0.0,0.0
2,75.44,3566.0864,162.8684,92.0635,0.0,-5.088063,0.0,3,0,7143.0,-422.41873,11.800012,100.43414,1.0184355,0.7423835,0.0,0.0,0.0
2,75.64,3574.9136,168.28589,95.2381,0.0,-9.784736,0.0,3,0,7354.0,-417.3902,12.036855,108.10873,1.2735695,0.7274733,0.0,0.0,0.0
2,75.84,3584.042,172.95276,95.2381,0.0,-7.8277884,0.0,3,0,7622.0,-411.6495,12.322122,115.67274,1.7205591,0.83074784,0.0,0.0,0.0
2,76.04,3593.4336,176.50584,96.8254,0.0,-7.8277884,0.0,3,0,7880.0,-405.163,12.617119,122.89035,1.9935852,0.81641906,0.0,0.0,0.0
2,76.24,3603.083,179.58371,96.8254,0.0,-6.457926,0.0,3,0,8106.0,-397.99017,12.921865,129.7139,1.7928165,0.7463289,0.0,0.0,0.0
2,76.44,3612.9597,179.42473,7.936508,0.0,-6.457926,0.0,4,0,6765.0,-390.25137,13.221314,136.00037,2.0168238,0.414956,0.0,0.0,0.0
2,76.64,3622.82,184.9023,100.0,0.0,-7.0450096,0.0,4,0,6996.0,-381.96115,13.527476,141.75664,1.839428,0.71702206,0.0,0.0,0.0
2,76.84,3633.0227,188.81746,100.0,0.0,-6.6536202,0.0,4,0,7077.0,-373.06363,13.850464,147.0472,1.7698832,0.73435843,0.0,0.0,0.0
2,77.04,3643.548,191.80287,95.41777,0.0,-7.436399,0.0,4,0,7199.0,-363.66327,14.201667,151.88802,1.6363531,0.64165103,0.0,0.0,0.0
2,77.24,3654.3354,195.36581,88.53058,0.0,-6.457926,0.0,4,0,7316.0,-353.83435,14.574368,156.23817,1.7877606,0.6503715,0.0,0.0,0.0
2,77.44,3665.3328,199.10379,81.68288,0.0,-6.066536,0.0,4,0,7393.0,-343.6152,14.967773,160.12003,1.5691222,0.642756,0.0,0.0,0.0
2,77.64,3676.424,202.30795,74.88481,0.0,-5.479452,0.0,4,0,7466.0,-333.0787,15.377199,163.71051,1.2298743,0.55366266,0.0,0.0,0.0
2,77.84,3687.6719,205.6066,68.25123,0.0,-1.369863,0.0,4,0,7578.0,-322.25146,15.80147,167.0097,0.88411266,0.52722627,0.0,0.0,0.0
2,78.04,3699.1106,208.79024,66.49457,0.0,4.109589,0.0,4,0,7693.0,-311.28992,16.246243,170.49435,-0.7971106,0.45683232,0.0,0.0,0.0
2,78.24,3710.7625,211.51308,66.705826,0.0,11.154599,0.0,4,0,7892.0,-300.4743,16.657944,174.92686,-1.7224395,0.44392854,0.0,0.0,0.0
2,78.44,3722.4014,212.24135,68.28817,0.0,14.872798,0.0,4,0,8073.0,-289.99814,17.019709,180.38339,-2.027224,0.4677036,0.0,0.0,0.0
2,78.64,3733.982,211.84467,60.210567,0.0,16.046967,0.0,4,0,8099.0,-280.05432,17.3504,186.62611,-2.2418492,0.43319368,0.0,0.0,0.0
2,78.84,3745.6274,213.96967,47.49951,0.0,17.416828,0.0,4,0,8095.0,-270.49585,17.685856,193.68532,-2.2574117,0.33028406,0.0,0.0,0.0
2,79.04,3757.518,211.16618,29.184544,0.0,15.851271,0.0,4,0,8001.0,-261.4935,18.044092,201.41795,-2.884443,0.12307797,0.0,0.0,0.0
2,79.24,3769.447,211.73482,29.335884,0.0,13.894325,0.0,4,0,8021.0,-253.32254,18.395832,209.7772,-2.670789,0.30067116,0.0,0.0,0.0
2,79.44,3781.3914,210.72177,50.76183,0.0,13.1115465,0.0,4,0,8088.0,-245.77321,18.771923,218.70494,-2.398897,0.47396642,0.0,0.0,0.0
2,79.64,3793.5479,212.01735,53.321342,0.0,13.1115465,0.0,4,0,8053.0,-238.96764,19.152071,228.1806,-2.077654,0.434259,0.0,0.0,0.0
2,79.84,3805.845,214.9552,51.085007,0.0,17.416828,0.0,4,0,8053.0,-232.64268,19.557453,238.34198,-2.1435287,0.3267885,0.0,0.0,0.0
2,80.04,3818.4275,214.2383,46.60616,0.0,17.02544,0.0,4,0,8107.0,-227.13068,19.941875,248.98729,-2.3015964,0.24548873,0.0,0.0,0.0
2,80.24,3830.7332,214.43906,41.70426,0.0,17.416828,0.0,4,0,8091.0,-222.5325,20.302961,259.953,-2.7481976,0.30895415,0.0,0.0,0.0
2,80.44,3843.048,214.12016,36.777267,0.0,16.63405,0.0,4,0,8071.0,-218.82846,20.656763,271.18088,-2.5220554,0.3115946,0.0,0.0,0.0
2,80.64,3855.1077,211.49821,31.345364,0.0,15.851271,0.0,4,0,7998.0,-216.03249,20.99295,282.57468,-2.1961427,0.2155677,0.0,0.0,0.0
2,80.84,3867.1887,209.83922,20.227127,0.0,15.459883,0.0,4,0,7916.0,-214.17482,21.297232,294.0156,-2.3880262,0.12303465,0.0,0.0,0.0
2,81.04,3878.9084,208.54195,18.711977,0.0,16.242662,0.0,4,0,7874.0,-213.2205,21.585485,305.5572,-2.7103448,0.08957887,0.0,0.0,0.0
2,81.24,3890.5273,206.89952,22.420294,0.0,11.154599,0.0,4,0,7806.0,-213.2979,21.845243,317.0386,-2.5061772,0.16353048,0.0,0.0,0.0
2,81.44,3901.973,207.9236,35.32825,0.0,13.1115465,0.0,4,0,7805.0,-214.26906,22.0927,328.42175,-2.2511957,0.3268248,0.0,0.0,0.0
2,81.64,3913.3184,207.99954,39.531418,0.0,12.133072,0.0,4,0,7800.0,-216.05571,22.320744,339.7507,-1.9828689,0.29545608,0.0,0.0,0.0
2,81.84,3924.6018,209.73071,49.62052,0.0,13.3072405,0.0,4,0,7863.0,-218.60031,22.533144,351.01822,-2.106673,0.40118724,0.0,0.0,0.0
2,82.04,3935.8748,211.0914,52.295513,0.0,12.915852,0.0,4,0,7916.0,-221.9475,22.741783,362.1771,-2.085452,0.41853383,0.0,0.0,0.0
2,82.24,3947.441,213.40833,57.343475,0.0,7.632094,0.0,4,0,7971.0,-226.11403,22.914011,373.15582,-1.9955873,0.5294893,0.0,0.0,0.0
2,82.44,3959.279,216.30676,66.305145,0.0,10.567514,0.0,4,0,8060.0,-230.9269,23.020145,384.0327,-2.0966125,0.54640555,0.0,0.0,0.0
2,82.64,3971.235,218.20377,66.02451,0.0,2.5440314,0.0,4,0,8152.0,-236.27788,23.102257,394.8049,-1.2732079,0.4525869,0.0,0.0,0.0
2,82.84,3983.2703,213.81245,0.0,0.0,1.7612524,0.0,4,0,7907.0,-241.8188,23.134897,405.41653,-0.80277056,-0.27266204,0.0,0.0,0.0
2,83.04,3994.9514,208.1502,0.0,0.0,1.7612524,0.0,4,0,7813.0,-247.09969,23.153576,415.72827,-0.5791073,-0.24363893,0.0,0.0,0.0
3,83.24,4006.1157,191.32196,0.0,53.968258,0.5870842,0.0,4,0,7315.0,-252.12723,23.151657,425.45865,-0.15021296,-1.5005186,0.0,0.0,0.0
3,83.44,4016.3826,178.66606,0.0,65.07937,-0.39138943,0.0,4,0,7008.0,-256.8816,23.100388,434.344,-0.1244674,-1.6705588,0.0,0.0,0.0
3,83.64,4025.9546,167.81517,28.57143,57.14286,5.088063,0.0,0,0,7814.0,-261.52216,23.065596,442.5488,-1.1008615,-1.5324348,0.0,0.0,0.0
3,83.84,4035.1572,157.22316,0.0,55.555557,4.3052835,0.0,3,0,7178.0,-266.5909,22.995508,450.21216,-1.0578626,-1.5542618,0.0,0.0,0.0
3,84.04,4043.5762,148.91484,0.0,50.793655,3.9138942,0.0,3,0,6851.0,-271.69742,22.911459,457.09348,-1.190972,-1.2612576,0.0,0.0,0.0
3,84.24,4051.4114,139.88062,0.0,49.206352,4.5009785,0.0,3,0,6499.0,-276.86624,22.837902,463.33572,-1.0749866,-1.2275338,0.0,0.0,0.0
3,84.44,4059.0076,132.71526,6.349207,49.206352,7.8277884,0.0,0,0,7402.0,-282.00583,22.765444,469.01065,-1.0368598,-1.1244676,0.0,0.0,0.0
3,84.64,4066.2043,125.492676,0.0,41.269844,9.980431,0.0,2,0,6968.0,-287.239,22.680271,474.00885,-1.4349326,-1.008292,0.0,0.0,0.0
3,84.84,4072.9507,121.567566,0.0,28.57143,12.524462,0.0,2,0,6623.0,-292.6428,22.601019,478.3145,-1.5746554,-0.68255913,0.0,0.0,0.0
3,85.04,4079.647,119.356995,0.0,14.285715,15.851271,0.0,2,0,6405.0,-298.29382,22.49797,482.05487,-1.6179047,-0.37508613,0.0,0.0,0.0
3,85.24,4086.1514,115.60882,0.0,11.111112,19.960861,0.0,2,0,6229.0,-304.0656,22.391731,485.1222,-1.6815428,-0.23352414,0.0,0.0,0.0
3,85.44,4092.3586,115.29077,0.0,0.0,22.309198,0.0,2,0,6143.0,-309.99298,22.262861,487.4922,-1.7788315,0.011533968,0.0,0.0,0.0
3,85.64,4098.6914,113.844055,0.0,0.0,22.309198,0.0,2,0,6037.0,-316.1426,22.121742,489.164,-1.6929903,0.059454482,0.0,0.0,0.0
3,85.84,4104.9985,112.668495,0.0,0.0,22.700586,0.0,2,0,5936.0,-322.3383,21.959316,490.11694,-1.7405792,0.081476934,0.0,0.0,0.0
3,86.04,4111.28,108.80844,0.0,0.0,22.309198,0.0,2,0,5840.0,-328.41666,21.799513,490.34836,-1.9146922,0.050911393,0.0,0.0,0.0
3,86.24,4117.9355,109.97829,20.634922,0.0,23.091976,0.0,2,0,5870.0,-334.31378,21.629145,489.84842,-1.5833659,0.32894623,0.0,0.0,0.0
3,86.44,4124.374,113.22415,36.50794,0.0,24.07045,0.0,2,0,5982.0,-340.41153,21.481533,488.73688,-1.7486689,0.4650804,0.0,0.0,0.0
3,86.64,4130.9263,115.25115,41.269844,0.0,22.504892,0.0,2,0,6045.0,-346.53876,21.365425,486.95367,-1.667423,0.4522895,0.0,0.0,0.0
3,86.84,4137.5186,116.91601,41.269844,0.0,22.113503,0.0,2,0,6178.0,-352.5151,21.275028,484.51425,-1.7098215,0.44150794,0.0,0.0,0.0
3,87.04,4143.957,119.38152,49.206352,0.0,22.309198,0.0,2,0,6363.0,-358.28723,21.179636,481.4367,-1.6580086,0.49365586,0.0,0.0,0.0
3,87.24,4150.483,122.58368,57.14286,0.0,20.939335,0.0,2,0,6614.0,-363.8965,21.07285,477.74655,-1.3828248,0.58569247,0.0,0.0,0.0
3,87.44,4157.031,125.8947,58.73016,0.0,15.655577,0.0,2,0,6835.0,-369.25085,20.951082,473.4194,-1.60721,0.7305672,0.0,0.0,0.0
3,87.64,4163.8013,127.95834,60.317463,0.0,6.6536202,0.0,2,0,6923.0,-374.16223,20.807955,468.48206,-1.5153041,0.7598501,0.0,0.0,0.0
3,87.84,4170.7715,132.66624,69.84127,0.0,-1.9569471,0.0,2,0,7125.0,-378.8293,20.668123,462.98755,-1.2823501,0.8279042,0.0,0.0,0.0
3,88.04,4178.042,138.32114,80.952385,0.0,3.9138942,0.0,2,0,7137.0,-383.44876,20.534954,457.05515,-0.4904885,0.8031843,0.0,0.0,0.0
3,88.24,4185.681,145.05884,93.6508,0.0,7.436399,0.0,2,0,7585.0,-388.2569,20.414371,450.85382,-0.8490044,1.0049497,0.0,0.0,0.0
3,88.44,4193.6606,150.30777,100.0,0.0,4.6966734,0.0,2,0,7953.0,-392.93167,20.27896,444.07086,-0.8341604,0.8932551,0.0,0.0,0.0
3,88.64,4202.0103,155.38387,100.0,0.0,4.6966734,0.0,2,0,8154.0,-397.4775,20.126974,436.82568,-0.8765282,0.7948861,0.0,0.0,0.0
3,88.84,4210.5303,159.42564,100.0,0.0,4.109589,0.0,3,0,6866.0,-401.86523,19.978275,429.4125,-0.56963545,0.86050195,0.0,0.0,0.0
3,89.04,4219.2925,164.31969,100.0,0.0,3.7181995,0.0,3,0,7090.0,-406.31693,19.846437,421.58246,-0.6317043,0.76800036,0.0,0.0,0.0
3,89.24,4228.539,169.58772,100.0,0.0,2.3483367,0.0,3,0,7309.0,-410.71548,19.721056,413.36633,-0.40218517,0.7638514,0.0,0.0,0.0
3,89.44,4238.12,174.32936,100.0,0.0,0.19569471,0.0,3,0,7507.0,-415.17114,19.604107,404.86304,0.005541491,0.71256435,0.0,0.0,0.0
3,89.64,4247.8857,179.01923,100.0,0.0,-0.39138943,0.0,3,0,7740.0,-419.81082,19.500183,396.1658,0.03226842,0.6533205,0.0,0.0,0.0
3,89.84,4257.914,183.70836,100.0,0.0,-1.369863,0.0,3,0,7933.0,-424.63922,19.417221,387.26956,0.19942178,0.6529633,0.0,0.0,0.0
3,90.04,4268.1875,187.88058,100.0,0.0,-1.369863,0.0,3,0,8107.0,-429.67972,19.353716,378.2273,0.18466328,0.6103854,0.0,0.0,0.0
3,90.24,4278.5596,190.00128,99.60411,0.0,-0.97847354,0.0,4,0,6997.0,-434.82114,19.310686,369.18066,0.10960678,0.5589583,0.0,0.0,0.0
3,90.44,4289.1855,194.18259,92.58882,0.0,0.0,0.0,4,0,7163.0,-440.11215,19.279156,359.8994,0.028780218,0.5623524,0.0,0.0,0.0
3,90.64,4300.088,198.38556,85.728035,0.0,0.19569471,0.0,4,0,7279.0,-445.4828,19.276491,350.35513,-0.05227884,0.59237283,0.0,0.0,0.0
3,90.84,4311.2046,201.8612,78.95684,0.0,0.0,0.0,4,0,7421.0,-450.92154,19.282774,340.6125,-0.002486138,0.513465,0.0,0.0,0.0
3,91.04,4322.4976,205.75339,72.333824,0.0,-0.19569471,0.0,4,0,7570.0,-456.46494,19.320862,330.70245,0.009736587,0.5311467,0.0,0.0,0.0
3,91.24,4333.998,209.5599,66.53635,0.0,-0.39138943,0.0,4,0,7710.0,-462.14008,19.370152,320.62387,0.049061764,0.5360708,0.0,0.0,0.0
3,91.44,4345.708,212.8961,66.68037,0.0,-0.39138943,0.0,4,0,7852.0,-467.9328,19.417917,310.38675,0.02825778,0.49949932,0.0,0.0,0.0
3,91.64,4357.6035,216.04828,66.699394,0.0,-0.19569471,0.0,4,0,7975.0,-473.83218,19.450249,299.9879,0.05501043,0.4382244,0.0,0.0,0.0
3,91.84,4369.55,218.12007,95.40896,0.0,0.97847354,0.0,5,0,6983.0,-479.7123,19.431812,289.54297,-0.17373142,0.45075265,0.0,0.0,0.0
3,92.04,4381.695,221.7196,88.38198,0.0,1.1741683,0.0,5,0,7087.0,-485.58713,19.405497,278.82397,-0.2214665,0.54011637,0.0,0.0,0.0
3,92.24,4394.041,224.36586,81.44987,0.0,0.5870842,0.0,5,0,7161.0,-491.45258,19.33749,267.88788,-0.09035943,0.44349772,0.0,0.0,0.0
3,92.44,4406.566,227.8822,74.71857,0.0,0.78277886,0.0,5,0,7283.0,-497.35654,19.230867,256.7863,-0.21601412,0.51654124,0.0,0.0,0.0
3,92.64,4419.2573,231.14468,67.969345,0.0,0.0,0.0,5,0,7387.0,-503.2824,19.087755,245.50969,-0.07455618,0.54726875,0.0,0.0,0.0
3,92.84,4432.1206,232.94116,66.10087,0.0,0.0,0.0,5,0,7488.0,-509.34213,18.91798,234.11494,0.045150463,0.36317885,0.0,0.0,0.0
3,93.04,4445.145,236.0852,66.29977,0.0,-0.39138943,0.0,5,0,7566.0,-515.5033,18.716139,222.59198,0.08237126,0.38707364,0.0,0.0,0.0
3,93.24,4458.3296,239.11485,66.57422,0.0,-0.19569471,0.0,5,0,7674.0,-521.7588,18.468962,210.95,0.03461458,0.42011786,0.0,0.0,0.0
3,93.44,4471.6724,241.897,66.7521,0.0,-0.19569471,0.0,5,0,7769.0,-528.1034,18.181736,199.1715,0.037806604,0.42157522,0.0,0.0,0.0
3,93.64,4485.156,244.64339,66.81558,0.0,-0.19569471,0.0,5,0,7851.0,-534.53925,17.863674,187.2695,0.026746513,0.40130073,0.0,0.0,0.0
3,93.84,4498.778,247.01385,66.87978,0.0,0.0,0.0,5,0,7946.0,-541.038,17.508547,175.234,-0.038037192,0.35225663,0.0,0.0,0.0
3,94.04,4512.5283,249.82423,66.76045,0.0,-0.19569471,0.0,5,0,8026.0,-547.6003,17.111584,163.06789,0.09732899,0.38940158,0.0,0.0,0.0
3,94.24,4526.4307,250.35583,99.160545,0.0,0.0,0.0,6,0,6989.0,-554.2203,16.651114,150.84926,0.03638333,0.2406117,0.0,0.0,0.0
3,94.44,4540.3623,253.11797,92.10427,0.0,-0.19569471,0.0,6,0,7103.0,-560.875,16.165365,138.55148,0.022266518,0.2871086,0.0,0.0,0.0
3,94.64,4554.502,255.62845,85.113106,0.0,-0.39138943,0.0,6,0,7155.0,-567.63336,15.662193,126.12843,0.053357,0.3153484,0.0,0.0,0.0
3,94.84,4568.7656,257.86182,78.24167,0.0,-0.39138943,0.0,6,0,7223.0,-574.4982,15.1497135,113.6124,0.11262557,0.29797488,0.0,0.0,0.0
3,95.04,4583.1475,259.98038,71.41571,0.0,-0.78277886,0.0,6,0,7287.0,-581.4897,14.646132,101.010574,0.2331401,0.26877716,0.0,0.0,0.0
3,95.24,4597.66,262.8824,65.99438,0.0,-0.39138943,0.0,6,0,7353.0,-588.63934,14.205365,88.34242,0.18452944,0.3720567,0.0,0.0,0.0
3,95.44,4612.266,264.5108,66.137924,0.0,-0.39138943,0.0,6,0,7420.0,-595.87067,13.815307,75.59356,0.13745084,0.28002506,0.0,0.0,0.0
3,95.64,4626.989,265.8209,66.26712,0.0,0.0,0.0,6,0,7484.0,-603.1657,13.461444,62.759296,-0.0013294613,0.15685146,0.0,0.0,0.0
3,95.84,4641.833,268.0953,66.39913,0.0,0.19569471,0.0,6,0,7534.0,-610.48956,13.157474,49.80821,-0.07226936,0.18599017,0.0,0.0,0.0
3,96.04,4656.79,270.18405,66.53699,0.0,-0.19569471,0.0,6,0,7585.0,-617.8427,12.913988,36.7536,0.043726537,0.2333613,0.0,0.0,0.0
3,96.24,4671.851,272.2863,66.68051,0.0,-0.19569471,0.0,6,0,7642.0,-625.29553,12.703326,23.619831,0.022198068,0.25799286,0.0,0.0,0.0
3,96.44,4687.019,274.36792,66.80292,0.0,0.0,0.0,6,0,7689.0,-632.80896,12.549353,10.411501,0.042272415,0.29912898,0.0,0.0,0.0
3,96.64,4702.3086,275.9033,66.90332,0.0,-0.5870842,0.0,6,0,7739.0,-640.3841,12.444432,-2.8877494,0.11439949,0.24911058,0.0,0.0,0.0
3,96.84,4717.683,276.9107,66.983284,0.0,-0.5870842,0.0,6,0,7799.0,-648.0797,12.407845,-16.202581,0.20498946,0.14180739,0.0,0.0,0.0
3,97.04,4733.147,278.6879,67.01086,0.0,0.39138943,0.0,6,0,7850.0,-655.8759,12.422026,-29.563099,-0.009444182,0.1678992,0.0,0.0,0.0
3,97.24,4748.6704,280.3203,67.42222,0.0,0.19569471,0.0,6,0,7899.0,-663.65405,12.476631,-43.038662,-0.057103384,0.18783756,0.0,0.0,0.0
3,97.44,4764.1543,275.41705,0.0,0.0,0.97847354,0.0,6,0,7735.0,-671.2738,12.558748,-56.42822,-0.3458358,-0.35289118,0.0,0.0,0.0
3,97.64,4779.291,258.08005,0.0,68.25397,-1.369863,0.0,6,0,7458.0,-678.48224,12.64671,-69.547775,0.012557889,-1.957714,0.0,0.0,0.0
3,97.84,4793.1997,236.05807,0.0,90.4762,0.97847354,0.0,6,0,7057.0,-685.0767,12.708916,-81.18725,0.1354757,-2.4331572,0.0,0.0,0.0
3,98.04,4805.7085,217.80734,0.0,100.0,-1.369863,0.0,6,0,6360.0,-691.0669,12.742357,-91.82538,-7.864423E-4,-2.447925,0.0,0.0,0.0
3,98.24,4817.3145,201.15636,0.0,95.2381,0.39138943,0.0,0,0,6715.0,-696.6562,12.753363,-101.723564,0.074998215,-2.3066165,0.0,0.0,0.0
3,98.44,4828.1064,183.17722,0.0,90.4762,0.78277886,0.0,5,0,6262.0,-701.81195,12.734258,-110.925766,-0.1906842,-2.5018818,0.0,0.0,0.0
3,98.64,4838.0776,168.73126,0.0,84.12699,0.39138943,0.0,4,0,6709.0,-706.4748,12.706368,-119.51418,-0.17441913,-2.3456388,0.0,0.0,0.0
3,98.84,4847.3047,157.00087,0.0,77.77779,0.78277886,0.0,4,0,6211.0,-710.7278,12.6617,-127.48684,-0.32212362,-1.9150463,0.0,0.0,0.0
3,99.04,4855.858,144.20586,0.0,76.19048,0.39138943,0.0,3,0,6678.0,-714.5788,12.609176,-134.9354,-0.12024058,-1.8497449,0.0,0.0,0.0
3,99.24,4863.6875,131.86433,0.0,71.42857,1.9569471,0.0,3,0,6228.0,-718.03516,12.539265,-141.74663,-0.31244957,-1.7173853,0.0,0.0,0.0
3,99.44,4870.837,120.301735,0.0,68.25397,7.2407045,0.0,2,0,6652.0,-721.0766,12.469489,-148.04652,-0.6901789,-1.6574693,0.0,0.0,0.0
3,99.64,4877.3687,110.47255,0.0,60.317463,10.176126,0.0,2,0,5979.0,-723.4425,12.390507,-154.02647,-0.9492142,-1.5434473,0.0,0.0,0.0
3,99.84,4883.4424,105.55509,0.0,49.206352,15.264188,0.0,2,0,5620.0,-725.1969,12.286636,-159.83534,-1.2230945,-1.1937245,0.0,0.0,0.0
3,100.04,4889.1333,99.77259,0.0,39.682545,21.330723,0.0,2,0,5399.0,-726.4742,12.178212,-165.43224,-1.3080802,-0.93988866,0.0,0.0,0.0
3,100.24,4894.3237,94.23206,0.0,30.158731,26.614481,0.0,2,0,5064.0,-727.23486,12.075251,-170.70544,-1.3447253,-0.74519503,0.0,0.0,0.0
3,100.44,4899.079,90.48859,0.0,20.634922,27.592955,0.0,2,0,4828.0,-727.38556,11.97221,-175.70348,-1.5140615,-0.47253987,0.0,0.0,0.0
3,100.64,4903.8545,89.21845,0.0,0.0,28.962818,0.0,2,0,4742.0,-726.90753,11.855877,-180.53056,-1.62642,0.0021131686,0.0,0.0,0.0
3,100.84,4909.3887,86.70223,0.0,0.0,27.592955,0.0,2,0,4661.0,-725.80725,11.717645,-185.2142,-1.4763124,0.024270307,0.0,0.0,0.0
3,101.04,4915.5635,90.896454,36.50794,0.0,30.136984,0.0,2,0,4874.0,-724.126,11.582824,-189.79143,-1.498313,0.47461456,0.0,0.0,0.0
3,101.24,4922.6797,95.33132,55.555557,0.0,27.984344,0.0,2,0,5094.0,-721.76196,11.481878,-194.51434,-1.4201162,0.647616,0.0,0.0,0.0
3,101.44,4928.2456,98.94856,58.73016,0.0,26.614481,0.0,2,0,5297.0,-718.77,11.416457,-199.12299,-1.5476284,0.72606134,0.0,0.0,0.0
3,101.64,4933.6455,103.15891,33.333336,0.0,18.395304,0.0,2,0,5630.0,-715.15735,11.371818,-203.51317,-1.5901904,0.7821321,0.0,0.0,0.0
3,101.84,4939.098,104.53914,39.682545,0.0,9.589041,0.0,2,0,5652.0,-711.009,11.310593,-207.5475,-1.4093614,0.60711443,0.0,0.0,0.0
3,102.04,4944.7017,109.931755,39.682545,0.0,7.2407045,0.0,2,0,6097.0,-706.3732,11.216388,-211.30563,-1.1503407,0.86008203,0.0,0.0,0.0
3,102.24,4950.632,112.96903,79.36509,0.0,-0.5870842,0.0,2,0,6262.0,-701.28986,11.114722,-214.72342,-1.0775222,0.83795714,0.0,0.0,0.0
3,102.44,4956.9175,119.76482,84.12699,0.0,-1.1741683,0.0,2,0,6483.0,-695.6797,10.993796,-218.01404,-0.9937031,0.93635243,0.0,0.0,0.0
3,102.64,4963.634,126.100075,92.0635,0.0,3.5225048,0.0,2,0,6751.0,-689.5673,10.8561325,-221.17737,-0.95501494,0.9354323,0.0,0.0,0.0
3,102.84,4970.683,132.60509,95.2381,0.0,1.9569471,0.0,2,0,7202.0,-682.9734,10.699499,-224.13121,-1.0639402,1.0145849,0.0,0.0,0.0
3,103.04,4977.9854,137.3224,50.793655,0.0,0.97847354,0.0,2,0,7629.0,-675.8909,10.533628,-226.67754,-1.2013323,0.95214295,0.0,0.0,0.0
3,103.24,4985.526,141.19847,100.0,0.0,0.39138943,0.0,2,0,7779.0,-668.41724,10.353499,-228.53935,-1.4134266,0.94900566,0.0,0.0,0.0
3,103.44,4992.963,142.97586,100.0,0.0,-4.5009785,0.0,3,0,6274.0,-660.6812,10.173456,-229.80437,-1.3563383,0.7729078,0.0,0.0,0.0
3,103.64,5000.6226,149.33078,100.0,0.0,4.3052835,0.0,3,0,6371.0,-652.62726,9.987593,-230.91536,-0.5034559,0.79478145,0.0,0.0,0.0
3,103.84,5008.5938,155.09514,100.0,0.0,7.436399,0.0,3,0,6750.0,-644.23535,9.814952,-232.02562,-1.0434891,0.8342057,0.0,0.0,0.0
3,104.04,5016.9756,160.27458,100.0,0.0,3.1311154,0.0,3,0,6948.0,-635.4737,9.639439,-232.60326,-0.7760307,0.84148556,0.0,0.0,0.0
3,104.24,5025.882,165.32507,100.0,0.0,5.479452,0.0,3,0,7170.0,-626.4127,9.467161,-232.96313,-0.782646,0.79108536,0.0,0.0,0.0
3,104.44,5035.12,170.55234,100.0,0.0,3.9138942,0.0,3,0,7348.0,-617.04956,9.289028,-233.07915,-0.5734594,0.78344625,0.0,0.0,0.0
3,104.64,5044.656,175.4755,100.0,0.0,4.109589,0.0,3,0,7589.0,-607.4051,9.1046,-232.98369,-0.78062266,0.760165,0.0,0.0,0.0
3,104.84,5054.4634,180.20001,100.0,0.0,1.1741683,0.0,3,0,7773.0,-597.49396,8.925674,-232.65944,-0.15566905,0.69606525,0.0,0.0,0.0
3,105.04,5064.5527,184.92844,100.0,0.0,0.19569471,0.0,3,0,7974.0,-587.3258,8.753812,-232.38101,-0.04632909,0.67457265,0.0,0.0,0.0
3,105.24,5074.897,184.81223,4.761905,0.0,0.19569471,0.0,4,0,6897.0,-576.9874,8.561226,-232.14835,-0.0342764,0.20519565,0.0,0.0,0.0
3,105.44,5085.297,191.4803,97.46086,0.0,0.5870842,0.0,4,0,7016.0,-566.5005,8.369426,-231.91026,-0.10530194,0.60566974,0.0,0.0,0.0
3,105.64,5095.995,195.66843,90.51092,0.0,0.78277886,0.0,4,0,7191.0,-555.7209,8.182108,-231.56195,-0.09937308,0.60604423,0.0,0.0,0.0
3,105.84,5106.897,200.08543,83.68473,0.0,0.78277886,0.0,4,0,7319.0,-544.71906,7.993845,-231.17143,-0.106368095,0.6448223,0.0,0.0,0.0
3,106.04,5118.0806,203.83612,76.95004,0.0,0.97847354,0.0,4,0,7466.0,-533.4945,7.824427,-230.71259,-0.13120593,0.5954613,0.0,0.0,0.0
3,106.24,5129.4785,207.56618,70.423546,0.0,0.5870842,0.0,4,0,7633.0,-522.06573,7.692696,-230.2011,-0.122823454,0.5830453,0.0,0.0,0.0
3,106.44,5141.0654,211.1896,66.61898,0.0,0.97847354,0.0,4,0,7770.0,-510.43066,7.596178,-229.6503,-0.12247589,0.5642574,0.0,0.0,0.0
3,106.64,5152.844,214.86572,66.70682,0.0,0.78277886,0.0,4,0,7897.0,-498.59894,7.5125833,-229.01335,-0.16344947,0.55496806,0.0,0.0,0.0
3,106.84,5164.8174,217.914,66.641304,0.0,0.5870842,0.0,4,0,8021.0,-486.57562,7.4471283,-228.33125,-0.08088632,0.4739295,0.0,0.0,0.0
3,107.04,5176.952,220.90715,65.90215,0.0,0.97847354,0.0,4,0,8132.0,-474.38095,7.3875484,-227.61847,-0.13899025,0.4364324,0.0,0.0,0.0
3,107.24,5189.2827,223.68883,65.05572,0.0,-0.39138943,0.0,4,0,8249.0,-462.02805,7.3461657,-226.8262,0.055256512,0.4083169,0.0,0.0,0.0
3,107.44,5201.7837,226.21556,64.22219,0.0,-0.5870842,0.0,4,0,8342.0,-449.52444,7.3261256,-226.13927,0.11490812,0.35434604,0.0,0.0,0.0
3,107.64,5214.403,226.71588,99.77058,0.0,-0.5870842,0.0,5,0,7264.0,-436.94,7.313655,-225.52646,0.15187506,0.17784579,0.0,0.0,0.0
3,107.84,5227.032,230.85373,92.87378,0.0,-0.39138943,0.0,5,0,7402.0,-424.21625,7.3138013,-224.97241,0.106710956,0.3971947,0.0,0.0,0.0
3,108.04,5239.919,233.76349,86.05359,0.0,0.0,0.0,5,0,7496.0,-411.29044,7.3158274,-224.4158,0.072832994,0.3733153,0.0,0.0,0.0
3,108.24,5252.97,236.91942,79.34746,0.0,0.0,0.0,5,0,7599.0,-398.20987,7.3165956,-223.83524,0.047653306,0.44129133,0.0,0.0,0.0
3,108.44,5266.1714,239.63187,72.71731,0.0,0.19569471,0.0,5,0,7691.0,-384.97388,7.31688,-223.25551,-0.010311449,0.42148152,0.0,0.0,0.0
3,108.64,5279.5156,242.19765,66.752815,0.0,-0.39138943,0.0,5,0,7769.0,-371.60477,7.3198843,-222.66667,0.059583686,0.41843465,0.0,0.0,0.0
3,108.84,5292.995,244.09967,66.82426,0.0,-0.19569471,0.0,5,0,7863.0,-358.0804,7.3093567,-222.117,0.037569683,0.30146033,0.0,0.0,0.0
3,109.04,5306.5967,247.00377,66.87757,0.0,-0.19569471,0.0,5,0,7944.0,-344.42044,7.3125935,-221.57268,0.07132516,0.3543597,0.0,0.0,0.0
3,109.24,5320.3516,249.40558,66.7988,0.0,0.5870842,0.0,5,0,8013.0,-330.6212,7.308396,-221.0261,-0.062577955,0.34379038,0.0,0.0,0.0
3,109.44,5334.247,251.68205,66.312584,0.0,0.0,0.0,5,0,8094.0,-316.69983,7.3155985,-220.39381,-0.044658665,0.340246,0.0,0.0,0.0
3,109.64,5348.286,253.32927,65.85676,0.0,-0.19569471,0.0,5,0,8161.0,-302.6611,7.321799,-219.78467,0.07516954,0.2614536,0.0,0.0,0.0
3,109.84,5362.422,255.3279,65.45203,0.0,-0.19569471,0.0,5,0,8218.0,-288.50793,7.3170843,-219.24379,0.091899835,0.23887673,0.0,0.0,0.0
3,110.04,5376.6846,257.7875,65.048386,0.0,-0.19569471,0.0,5,0,8270.0,-274.25403,7.308563,-218.73396,0.07551407,0.32569927,0.0,0.0,0.0
3,110.24,5391.0254,259.1297,64.53377,0.0,-0.19569471,0.0,5,0,8327.0,-259.9071,7.312524,-218.24312,0.043528125,0.25361216,0.0,0.0,0.0
